Words,Frequency
Who,2
will,3
crumble,1
under,1
the,81
pressure??,1
Find,3
out,2
THIS,2
Monday,1
on,11
Season,1
Premiere,1
of,36
#KidsBakingChampionship,2
at,23
8|7c,2
or,7
@StreamOnMax.,4
#StreamOnMax!,1
@weelicious,1
is,18
gearing,1
up,9
to,48
face-off,1
against,1
@heytroyjohnson,1
in,39
Grudge,2
Match,2
"kitchen,",1
but,4
she,1
has,4
a,36
secret,1
weapon,1
her,2
sleeve:,1
Troy's,1
wife!,1
ğŸ¥¦,1
#SuperchefGrudgeMatch,2
all-new,3
Tuesday,2
9|8c,2
#StreamOnMax,4
"Bacon,",2
egg,1
and,53
cheese,1
flaky,2
puff,2
pastry?,1
ğŸ¤¯,1
We,6
love,3
see,2
"it,",1
@mollyyeh!,1
@StreamOnMax,1
for,26
more,5
#GirlMeetsFarm.,1
Get,9
recipe,10
Molly's,1
Egg,1
Cheese,1
Turnovers,1
link,17
our,8
bio!,4
Japanese,1
New,4
Year,1
Mochi,1
Soup,1
"simple,",1
comforting,2
traditionally,1
served,2
January,3
1st,2
bring,4
luck,1
long,1
life,1
new,6
year,4
ğŸ²,1
Ozoni,1
sneak,1
peek,1
dishes,1
being,4
kitchen,2
by,3
four,1
superstar,1
chefs,1
from,7
Flavortown!,1
Recipe,2
Day:,1
Year's,2
Resolution,1
Cookies,1
ğŸ¥‚,1
with,16
Indecisive,1
opinionated,1
ğŸ˜¤,1
Don't,1
miss,3
season,3
premiere,1
"Monday,",1
Food,1
Network's,1
#2,1
Video,1
2023,1
ğŸŒŸ,1
A,2
twist,1
viral,1
upside-down,1
pastry,3
hack,1
rule,1
them,2
ALL,1
âœ¨,5
bio,4
Prosciutto,1
Brie,1
Upside-Down,1
Pastries!,1
ğŸ¥:,2
@saratane,1
@GuyFieri,1
hosting,1
brunch,1
ranch,1
craving,1
little,1
bit,1
everything,2
cooked,1
"@aartipaartipics,",1
"@chef.joe.sasto,",1
@meilin21,1
+,1
@asobel!,1
#GuysRanchKitchen,1
Today,2
12|11c.,1
these,2
recipes,3
bio.,9
@KardeaBrown,1
getting,1
married,1
â£ï¸,1
Her,1
friends,1
family,1
are,6
throwing,1
bridal,1
shower,1
filled,1
tasty,1
"bites,",1
mini,1
salmon,1
BLTs,1
chocolate,2
coconut,2
"nests,",1
that,13
have,2
EVERYONE,1
falling,1
ğŸ«¶ğŸ˜‹,1
Expect,1
marry-me,1
worthy,1
"recipes,",3
"#DeliciousMissBrown,",1
SUNDAY,1
@,1
12|11c,1
ğŸ’,1
all,7
through,2
Cheesecake,1
meets,1
baklava,1
this,17
"crunchy,",1
creamy,1
dessert,3
@mariannew44.,1
Every,1
part,1
combines,1
elements,1
two,1
classics:,1
thereâ€™s,1
pistachio,1
graham,1
cracker,1
"crust,",1
honey,1
rich,1
"filling,",1
crunchy,1
shredded,1
phyllo,1
dough,1
top.,1
Make,2
it,11
yourself,2
ğŸ“¸:,9
"@robbylozano,",1
ğŸ¥„:,5
"@tourblvd,",1
ğŸ½:,4
@cdaley7,2
Introducing,1
your,18
party,2
trick:,1
homemade,2
crackers!,1
Theyâ€™re,2
much,2
easier,1
make,4
than,4
they,1
"sound,",1
theyâ€™re,1
ten,1
times,1
delicious,4
store-bought,1
"kind,",1
you,18
can,5
try,3
so,6
many,3
different,2
"kinds,",1
like,6
Sourdough,1
Crackers,1
@paigegrandjean,1
above,2
extra,1
crunch,1
flavor,1
yellow,1
cornmeal.,1
"these,",1
13,2
other,2
"crackers,",1
@caitbensel,1
know,3
best,2
sales,1
happen,1
right,4
after,1
"Christmas,",1
Le,1
Creuset,1
discounts,1
big,1
just,3
can't,1
them.,1
Score,1
favorite,1
Dutch,1
"oven,",1
"skillet,",1
casserole,1
"dish,",1
@lecreuset,1
Looking,1
back,3
"2023,",1
something,1
pretty,1
clear:,1
LOVED,1
The,8
Bear.,1
And,7
we,4
did,1
too!,1
In,6
"fact,",1
loved,2
published,1
famous,2
cake,1
"one,",1
itâ€™s,2
impressive,1
earned,1
spot,2
as,2
2nd,2
most,3
popular,2
.,14
You,5
whip,1
ğŸ°:,1
"@sarahlustbagel,",1
"@christophertestani,",1
"@tcizzle,",2
Dads,1
do,1
ğŸ¤·ğŸ»â€â™€ï¸.,1
Head,3
set,2
success,1
2024.,1
@amazon,1
Crisp,1
bubbles,1
serve,1
ideal,1
counterpart,1
sweet,1
tart,1
notes,1
cherry,2
liqueur,1
syrup,1
Marasca,1
Fizz,1
ğŸ’ğŸ¥‚.,1
It's,1
definitely,2
cocktail,1
"celebrations,",1
simple,2
enough,1
may,1
be,1
tempted,1
weeknight,1
ğŸ˜‰.,1
need,2
"@matt_tg,",1
@libertyfennell,1
Number,1
3,1
top,3
25,3
here,1
it's,1
incredible,1
ğŸ¥‰,1
San,1
Bei,1
Ji,1
(Three-Cup,1
Chicken),1
ğŸ¥‰.,1
â€œthree,1
cupsâ€,1
refers,1
heady,1
amounts,1
rice,1
"wine,",1
soy,2
"sauce,",2
sesame,1
oil,1
chicken,2
braised,1
classic,2
Taiwanese,1
dish.,1
Add,1
"ginger,",1
"garlic,",1
rock,1
sugar,2
you've,1
got,1
flavorful,2
life.,1
ğŸ—:,1
"@cathyerway,",1
"@gregdupree,",1
@shellroyster,1
Canâ€™t,1
decide,1
whether,1
order,1
Lady,1
Macbeth,1
Grendel.,1
Which,1
iconic,1
villainâ€™s,1
tipple,1
would,1
order?,1
find,2
few,1
less,1
"villainous,",1
equally,1
"delicious,",1
cocktails,1
home,3
cc:,1
"@rosewoodmiramarbeach,",1
@themanorbar,1
@heysamg_,1
#cocktailbars,1
#cocktailinspiration,1
#cocktailrecipes,1
key,1
"rich,",2
custardy,1
quiche,1
whole,1
lotta,1
brie,1
ğŸ˜.,1
Sound,1
kind,1
brunch?,1
recipe.,1
ğŸ§€:,1
Catherine,1
"Pascal,",1
@cedricangeles,1
Light,1
fresh-picked,1
steamed,1
crab,1
paired,1
zippy,1
butter,1
dip,1
next,1
meal...or,1
an,3
excellent,1
Eve,1
dinner,1
ğŸ™Œ.,1
@alibramee's,1
tips,1
"@protazio,",1
"@margaretdickey,",1
@cmariekeely,1
#Ad,1
Garmi,1
ka,2
Mausam,1
aa,1
gaya,1
"hai,",1
toh,2
matlab,1
naya,1
ice,1
cream,5
flavour,1
karna,1
chahiye!,1
ğŸ˜,1
Tried,1
@kwalitywalls,1
Hazelnut,4
Chocolate,3
Ice,1
amount,1
sweetness.,1
Go,1
check,2
out!,1
Order,1
yours,2
Swiggy,1
get,2
nearest,1
Kwality,1
Wall's,1
freezer!,1
#CraftedForIndulgence,1
#IceCream,1
#Hazelnuts,1
#Chocolate,1
#hazelnutchocolate,1
#dilsefoodie,10
24,1
Haree,1
Mirch,1
15,1
Nimbu,1
Daal,1
Ke,1
Banaye,1
Hai,3
Chacha,1
Bhatija,1
Special,1
Chole,2
Kulche,1
ğŸ˜‚ğŸ˜‚.,1
Thanks,1
To,2
@agraeaters,1
For,3
Helping,1
Us,2
Exploring,2
Agra,1
Street,1
Food.,1
#food,8
#streetfood,1
#cholekulche,1
On,1
Occasion,1
Of,5
75th,1
Independence,1
Day,1
@ministryofculturegoi,1
Awarded,1
As,1
One,1
75,1
Cultural,1
Brand,1
Ambassador,1
India,3
At,4
@amritmahotsav.,1
Can't,1
Express,1
Our,1
Feelings,1
Words.,1
But,1
Will,5
Promise,1
Guys,2
Keep,1
Help,1
Local,1
Vendors.,1
Government,1
Is,3
Doing,1
Campaign,1
#harghartiranga,1
So,2
I,6
Hoist,1
Tiranga,1
My,2
Place,1
Tomorrow,1
Also,1
Participate.,1
#75For75,1
#amritmohatsav,1
#DilSeDesi,1
This,5
How,1
They,2
Authentic,1
Kashmiri,1
Sheermal,1
Kashmir,1
ğŸ˜€.,2
#sheermal,1
#kashmir,1
#explore,1
Finally,1
Favourite,2
Baingan,1
Ka,1
Bharta,1
With,1
Parantha,1
ğŸ”¥,1
Aapka,1
Kya,1
Jisse,1
Khaa,1
Kar,1
Bekar,1
Mood,1
Bhi,1
Acha,1
Ho,1
Jata,1
#bharta,1
#dhaba,1
Original,1
Pandey,1
Paan,1
Wala,1
Actually,1
Serve,1
Rashtrapati,1
Bhawan,1
Pradhan,1
Mantri,1
Awaz,1
ğŸ˜€,2
#pan,1
#g20,1
was,1
surprised,1
@greenchickchopin,1
also,2
sell,1
ready,2
eat,2
gravy,1
items,1
-,5
Dal,1
"Makhani,",1
Butter,1
"Chicken,",1
Kadhai,1
Paneer,1
Mutton,1
Rogan,1
Josh,1
etc.,1
If,3
planning,1
dont,1
want,1
cook,1
then,1
checkout,1
place,2
pre-cooked,1
gravies,1
marinated,1
snacks.,1
Can,1
Download,1
App,1
Delivery,1
Few,1
Minutes.,1
#kadhaipaneer,1
#shahipaneer,1
#butterchicken,1
#greenchickchop,1
Isse,1
Better,1
Kuch,1
Nai,1
Itni,1
Thand,1
Mai,1
#dilsecouple,1
#pavitdua,1
#sujihalwa,1
Anyone,1
Kulhad,1
Wale,1
Chawal,1
@stree_tflavours,1
",",1
Shalimar,1
Bagh.,1
#chole,1
#chawal,1
#breakfast,1
tried,1
amazing,1
Fish,1
N,1
Grillz,1
Huda,1
Sector,1
"56,",1
Gurgaon.,1
#nonveg,1
#fish,1
#gurgaon,1
"Mumbai,",1
buy,1
early,2
bird,2
tickets,3
join,1
@ginexplorersclub,1
Retroverse!,1
ğŸ¸ğŸª©,1
Limited,1
grabs,1
book,2
today!,1
ğŸ˜‰,1
Link,1
bio.ğŸŸï¸âœ¨,1
#NewInTown,1
@daisymaegardencafe,1
Experience,1
garden,1
escape,1
no,1
Khan,2
Marketâ€™s,1
newest,1
gem!,1
Their,1
menu,1
celebrates,1
gluten-free,1
delights,2
fuse,1
health,1
"taste,",1
inviting,1
journey.,1
ğŸ½ï¸,1
cafeâ€”itâ€™s,1
haven,1
heartfelt,1
"connections,",1
vibrant,1
"flavors,",1
essence,1
nature,1
itself.,1
ğŸŒ¸,1
Join,2
savoring,1
moments,1
"linger,",1
scent,1
fresh,2
blooms.,1
Reserve,1
unforgettable,1
experience!,1
Reservations:,1
+91-,1
9716628654,1
ğŸ“Shop,1
"7,",1
"Floor,",1
"Market,",1
Delhi,1
Itâ€™s,3
almost,2
#GinOClock,2
Mumbai!,1
â°ğŸ¸,1
Weâ€™re,1
Gin,1
Explorers,1
Club,1
Retroverse,2
Edition!,1
ğŸ’«,1
edition,1
alive,1
theme,1
enter,1
gin,2
realm,1
experience,1
variety,1
favourite,1
juniper,1
splash,1
retro!,1
Move,1
disco,1
beat,1
while,1
holding,2
artistically,1
crafted,1
cocktails.,1
over,2
now!,1
ğŸŸğŸ¸,1
When:,1
20th,1
&,3
21st,1
â€˜24,1
Where:,1
Jio,1
World,1
"Garden,",1
Mumbai,2
groove,1
gin-ing,1
us!,1
ğŸ‰,1
#ginexplorersclub,1
#retroverse,1
#gin,1
#discover,1
#festival,1
Baileys,7
Coconut,4
Panna,1
Cotta,1
Merry,3
Christmas,4
yâ€™all!,1
"me,",1
youâ€™re,1
celebrating,1
too,1
well,1
"baby,",1
its,3
nowhere,1
close,1
cold,1
outside.,1
"So,",1
Iâ€™m,1
keeping,1
light,1
refreshing,1
my,5
coffee,1
"pudding,",1
made,1
stellar,1
added,1
richness,1
Ingredients,2
ESPRESSO,1
LAYER,1
:,3
Espresso,1
/,13
100g,3
Muscavado,1
25g,1
Gelatin,3
2g,3
Water,3
(Gelatin),3
10g,4
BAILEYS,1
LAYER:,2
Vanilla,3
Bean/,1
0.5,1
COCONUT,1
Milk,2
Cream,1
80g,3
Puree/,1
20g,2
Sugar,3
Salt,1
1g,1
TOPPING,1
Torched,1
marshmallow,1
fluff,1
@thebarindia,2
Disclaimer,1
Drink,2
responsibly.,1
communication,1
people,1
age,1
only.,1
#festivedesserts,1
#dessert,1
#festivedessert,1
#holidaybaking,1
#baking,1
#holidaydessert,1
#baileyspudding,1
#pudding,1
#pannacotta,1
#baileysdessert,1
#baileys,1
#coconutdessert,1
#coffeepudding,1
#coffeepannacotta,1
#vanillapannacotta,1
âœ¨ğŸ„ğŸ…ğŸ»,1
Let,1
stars,1
guide,2
taste,2
buds,2
Christmas!âœ¨ğŸ‘€,1
"Hot,",1
parathas,2
whisk,1
childhood,1
memories,2
road,1
trips.,1
ğŸ¤¤,1
epitome,1
"comfort,",1
each,2
one,2
having,1
own,1
special,1
touch.,1
ğŸ˜âœ¨Although,1
anywhere,1
"city,",1
only,2
handful,1
truly,1
outstanding.,1
Here,2
some,2
weâ€™ve,1
found,1
try.,1
Infused,1
Paris,3
Brest,3
@baileysofficial,1
exquisite,1
harmony,1
flavours,1
latest,1
creation,1
â€“,12
infused,1
ğŸ‘¨â€ğŸ³âœ¨,1
Elevating,1
"heights,",1
every,1
bite,1
journey,2
layers,1
delicate,1
choux,2
"pastry,",1
luscious,1
Baileys-infused,1
"cream,",1
generous,1
sprinkle,1
roasted,1
hazelnuts.,2
ğŸŒ°ğŸ«,1
Perfectly,1
balancing,1
sweetness,1
"sophistication,",1
celebration,1
culinary,2
artistry.,1
âœ¨ğŸ°,1
us,1
sensory,1
adventure,1
transcends,1
"ordinary,",1
let,1
dance,1
unique,1
fusion,1
Irish,1
nutty,1
goodness.,1
RECIPE,1
Choux,1
Pastry,1
ready-made,1
Mousseline,2
â€¢,15
200g,2
Caster,2
24g,1
Yolks,1
36g,1
Corn,1
Flour,1
16g,1
22g,1
Bean,1
Butter#1,1
-12g,1
"Butter,",1
soft#2,1
Praline,1
"Hazelnut,",1
toasted,3
180g,1
Cater,1
"Sugar,",1
Caramel,1
Method:,1
"pot,",1
caramelise,1
until,1
desired,1
colour.,1
Pour,1
Once,1
"cool,",1
add,1
grinder,1
covert,1
paste.,1
Assemble,1
Slice,1
middle.,1
Pipe,1
layer,2
Baileyâ€™s,1
hazelnut,2
praline,1
(recipe,1
caption),1
Cover,1
piece,1
breast.,1
Whip,1
decorate,1
Thin,1
Sheet.,1
Spread,1
thin,1
any,1
toppings,1
choice,1
â€¼ï¸Disclaimerâ€¼ï¸,1
Responsibly.,1
Communication,1
People,1
Above,1
Age,1
Only.,1
"[Baileys,",1
baileys,1
strawberry,2
"season,",2
holiday,2
"cake,",2
"home-made,",1
home-made,2
"yummy,",1
"december,",1
"food,",1
food,2
channel],1
ğŸ“¸,1
@arjuns_frame,1
Unwrap,1
perfect,1
gift:,1
Baileys!,1
ğŸâœ¨,1
From,3
versatile,1
flavors,1
festive,1
indulgence,1
beautiful,3
"packaging,",1
drinkâ€”itâ€™s,1
delightful,1
way,1
spread,1
warmth,1
create,1
magical,1
season.,1
Tis,1
savor!,1
Explore,1
wonderland,1
coziest,1
corners,1
tastiest,1
tables,1
city.,1
classics,1
delectable,1
"delights,",1
unwrap,1
joy,1
dining,1
heartwarming,1
havens.,1
ğŸ„ğŸ½ï¸âœ¨,1
These,1
online,1
stores,1
farms,1
locally-grown,1
"avocados,",1
salad,1
"greens,",1
artisanal,1
cheeses,1
"doorstep,",1
adding,1
gourmet,1
touch,1
meals.,1
Embrace,1
satisfaction,1
indulging,1
wholesome,1
seasonal,1
produce,1
effortlessly,1
delivered,1
you.,1
ğŸ¥‘ğŸ¥—ğŸ§€,1
forever,1
home.â¤ï¸,1
#love,6
#newlyweds,2
#newbeginnings,3
#bridetobe,2
#blessed,2
#grateful,2
marks,1
month,1
me,3
realising,1
â€œHamari,1
sach,1
mei,1
shaadi,1
hogai,1
hai,1
Rahulâ€ğŸ¥¹â¤ï¸,1
complete,1
strangers,1
years,2
otherâ€™s,1
"lifelines,",1
been,1
extremely,1
beautiful.ğŸ˜,1
#Love,2
#NewlyWeds,2
#NewBeginnings,2
#JustMarried,2
#ForeverBeginsNow,1
#Blessed,1
#Grateful,1
Suddenly,1
became,1
lefty!ğŸ¥°ğŸ«£,1
#engagement,1
#ringceremony,1
#relatable,1
#engagementring,1
#newlyengaged,1
Went,1
Sissu,1
experienced,1
snowfall,1
first,2
time.,1
left,1
heart,2
"there,",1
swear.ğŸ¥¹â¤ï¸,1
#mountains,1
#travel,1
#contentcreator,1
#Sissu,1
#snowfall,1
#bestview,1
#sissuhimachal,1
Stayed,1
@khvaab.manali,1
Manali,1
honestly,1
maza,1
agaya!ğŸ˜,1
Loved,1
"property,",1
their,1
"hospitality,",1
not,1
views!âœ¨,1
visiting,1
"Manali,",1
place!ğŸ˜â¤ï¸,1
#Manali,1
#Winters,1
#Mountains,1
#Travel,1
#Traveldiaries,1
#Staycation,1
us.â¤ï¸âœ¨,1
@insp_rahulsingh,3
#merrychristmas,1
#christmas,1
Sooji,1
halwa,1
ki,1
agai,1
hai.ğŸ˜…,1
Made,1
time,1
Inspector,1
Sahabâ€™s,1
help,1
everyone,1
it.ğŸ¥°ğŸ˜˜,1
#pehlirasoi,1
#recipe,1
#recipevideo,1
#tasty,3
#soojikahalwa,1
#bride,2
Getting,1
weddings,1
golgappe!ğŸ¥°,1
#weddingseason,2
#golgappe,1
#foodie,1
#wedding,1
bridesmaids!â¤ï¸ğŸ¥¹,1
Thank,1
always,1
supporting,1
relationship,1
"highest,",1
versions,1
leading,1
moment.â¤ï¸,1
guys!!ğŸ˜˜,1
@naylamasood,1
@dr.vibhutidhaundiyal,1
@nikitaangirisharora,1
@resham826,1
@_glittery_veins_,1
@tanyasood23,1
@prachiakapoor,1
@komalarora95,1
@thisisdelhi,1
#trend,1
#trending,1
#transition,1
#bridesmaids,1
task,1
him,1
"pose,",1
swear!ğŸ¥²,1
when,1
learn,1
give,1
good,1
candids?ğŸ˜Œ,1
#WeddingSeason,1
